December 21 2023,9:00,Bulbulito Balagbag,VC1,N03-12-123456,FRD-6969,3000,Pending
October 5 2023,16:00,Bulbulito Balagbag,VC1,N03-12-123456,FRD-6969,3000,Pending
November 20 2023,15:30,John Doe,VC7,N06-57-324523,FAB-2354,1000,Pending
November 20 2023,15:30,Jane Smith,VC3,N01-23-456789,XYZ-5678,10000,Pending
December 5 2023,9:45,Bob Jones,VC4,N09-87-654321,ABC-3456,1000,Pending
January 10 2023,14:00,Alice Williams,VC8,N02-34-567890,LMN-9012,3000,Pending
February 15 2023,12:15,Mark Davis,VC10,N05-67-432109,ZYG-7093,1000,Pending
March 8 2023,18:20,Emily Willis,VC4,N01-22-333444,ZYG-7093,1000,Pending
April 2 2023,10:30,Michael Wilson,VC1,N08-76-543210,QWX-2189,3000,Pending
May 17 2023,16:45,Olivia Miller,VC7,N02-34-567890,FGH-3456,1000,Pending
June 21 2023,11:10,David Garcia,VC9,N06-78-901234,UVX-8976,1500,Pending
July 14 2023,9:00,Sophia Rodgriguez,VC4,N03-45-678901,DFT-6342,1000,Pending
August 30 2023,13:55,Ethan Martinez,VC2,N07-89-012345,JOP-9876,10000,Pending
September 5 2023,8:25,Mia Johnson,VC1,N08-12-345678,JOP-9876,3000,Pending
October 19 2023,17:30,Stephen Curry,VC6,N04-56-789012,BCD-0987,3000,Pending
November 25 2023,14:15,Christopher Davis,VC4,N09-87-654321,HJK-3452,1000,Pending
December 8 2023,12:40,Ava Smith,VC7,N03-23-456789,QWE-7654,1000,Pending
January 3 2023,10:05,Noah Wilson,VC5,N05-67-432109,YUI-4321,2000,Pending
January 12 2023,10:30,Hafaz Aladeen,VC1,N06-64-349371,ABM-0375,3000,Pending
November 30 2023,12:00,Stephen Curry,VC11,N02-84-124595,JKW-1932,1500,Pending
January 1 2024,15:07,John Lopez,VC1,NO1-23-123414,NDI-7831,3000,Pending
May 27 2024,19:34,John Lopez,VC13,NO6-25-213123,ABC-321,300,Pending
